Total Usuarios,Ahorro Alto (%),Ahorro Medio (%),Ahorro Bajo (%),Sin Ahorro (%),Financieramente Estable (%),En Riesgo Financiero (%),Liquidez Comprometida (%),Uso Alto de Crédito (%),Uso Moderado de Crédito (%),Uso Bajo de Crédito (%),Sin Crédito (%),Promedio de Tarjetas
21,19.047619047619047,33.33333333333333,14.285714285714285,14.285714285714285,76.19047619047619,4.761904761904762,19.047619047619047,47.61904761904761,0.0,9.523809523809524,42.857142857142854,1.0952380952380953
